6/28/2016,Patient Search - Staph Project, 1:23:05PM,,,,,
PATIENT_ID,PATIENT_NAME,BIRTHDATE,WEIGHT_KG,WEIGHT_DATE,SPECIES,BREED,SEX
589,LAR HERD,,0,,,,UNK
104349,PTARMIGAN,9/1/1989,562,8/1/2013,EQUINE,WARM BLOOD,MC
106609,PRISSY,1/19/2002,8.4,12/5/2014,CANINE,WEST HIGHLAND WHITE TERRIER,FS
114571,BOOMER,4/22/2004,34.8,6/17/2015,CANINE,LABRADOR RETRIEVER,M
114778,SAM,6/9/2001,34.6,8/15/2014,CANINE,LABRADOR RETRIEVER,MC
114962,LEONA,4/14/2003,20.6,6/16/2016,CANINE,GREYHOUND,FS
115310,SIMON,7/8/2003,10,6/26/2016,CANINE,FOX TERRIER,MC
116782,JASPER,3/22/2004,14.5,12/3/2014,CANINE,NOVA SCOTIA DUCK TOLLING RETR,MC
117304,HALEY,8/14/2002,28,9/8/2014,CANINE,LABRADOR RETRIEVER,FS
121024,OSC,4/1/1995,4.42,10/24/2014,FELINE,DOMESTIC LONGHAIRED CAT,MC
121110,SHELBY,6/16/2004,24.3,7/9/2014,CANINE,BASSET HOUND,FS
121270,NOMAD,6/28/2004,2,10/14/2014,FELINE,HIMALAYAN,MC
121353,EHC EQUINE HERD,,0,,,,UNK
122666,LUCKY,9/13/2002,7,6/20/2014,CANINE,SHIH TZU,MC
122993,PRECIOUS,4/1/2001,23.587,4/5/2016,CANINE,LABRADOR RETRIEVER,FS
124883,HARVEY,10/25/2002,8.1,9/2/2014,CANINE,SHIH TZU,MC
125893,AMY,4/16/2003,60,3/13/2013,CANINE,NEWFOUNDLAND,F
126386,CADY,6/24/2002,40.8,11/1/2013,CANINE,GERMAN SHEPHERD DOG,FS
127175,WYATT,7/1/2003,4.44,10/18/2013,FELINE,AMERICAN DOMESTIC SHORTHAIR,MC
129834,RUDY,10/29/2006,13.7,2/3/2016,CANINE,BOSTON TERRIER,M
131240,CHLOE,1/1/2004,21.7,5/3/2016,CANINE,BEAGLE,F
131435,NELSON,12/18/2003,35,8/17/2015,CANINE,LABRADOR RETRIEVER,M
132211,BELLE,8/1/2002,16,10/9/2015,CANINE,BEAGLE,FS
133098,IRISH FANTASY,5/1/1997,600,6/6/2014,EQUINE,IRISH HUNTER HORSE (SPORT),F
137017,DUFFY,12/1/1999,12.4,11/12/2015,CANINE,WEST HIGHLAND WHITE TERRIER,MC
137831,JIMMY,10/15/2002,26.7,6/19/2015,CANINE,LABRADOR RETRIEVER,MC
139282,AIDAN,2/28/2005,26.2,11/12/2014,CANINE,IRISH SETTER,MC
141509,MINDY,3/23/2008,3.856,3/15/2016,CANINE,MALTESE,F
142286,LUKE,8/4/2007,32,3/29/2016,CANINE,SIBERIAN HUSKY,MC
143697,SUGAR,9/2/2000,6.5,10/8/2013,FELINE,DOMESTIC SHORTHAIRED CAT,FS
143869,BELLE,8/12/2004,30.8,5/6/2016,CANINE,GOLDEN RETRIEVER,FS
144216,COOPER,9/1/2005,38,12/30/2014,CANINE,LABRADOR RETRIEVER,FS
144634,KATIE,11/23/2007,35.7,4/7/2015,CANINE,GOLDEN RETRIEVER,F
146187,LUNA,6/15/2005,3.58,6/27/2016,FELINE,DOMESTIC SHORTHAIRED CAT,FS
146304,WOODY,7/12/2006,45.5,3/24/2016,CANINE,LABRADOR RETRIEVER,MC
146740,BABE,7/9/2006,34.5,5/9/2016,CANINE,BORDER COLLIE,FS
147341,STORMY,5/21/2003,4.4,10/28/2015,CANINE,POMERANIAN,FS
148359,SHELBY,2/17/2008,48.6,9/14/2015,CANINE,GERMAN SHEPHERD DOG,FS
148875,MAGIC MAN,6/14/2003,5.8,9/9/2015,CANINE,POMERANIAN,MC
149564,QUINN,4/13/1994,520,4/22/2009,EQUINE,THOROUGHBRED,MC
149695,BOO,5/28/2005,8.4,4/11/2016,CANINE,SCHNAUZER- MINIATURE,FS
149869,BEAU,5/2/2003,27,5/31/2016,CANINE,ENGLISH SPRINGER SPANIEL,MC
149924,BON BON,12/5/2006,16,2/23/2015,CANINE,AMERICAN COCKER SPANIEL,MC
150032,WILBUR,11/12/2005,13.4,6/8/2016,CANINE,FRENCH BULLDOG,MC
150407,GENERAL,10/25/2000,2.1,6/22/2016,CANINE,YORKSHIRE TERRIER,MC
150858,MISTY,7/22/2004,4.636,5/1/2015,CANINE,BICHON FRISE,FS
150868,CITIE,8/5/2002,8.6,7/12/2015,CANINE,PEKINGESE,FS
151148,BAKER,9/9/2003,15,1/5/2016,CANINE,AMERICAN COCKER SPANIEL,MC
151844,BENTLEY BU,8/31/2009,34,1/25/2016,CANINE,SHAR-PEI,M
153228,BOISE,4/28/2007,33.6,5/20/2016,CANINE,MIXED BREED DOG,MC
153388,ADDIE,1/1/2002,17.8,6/23/2014,CANINE,LABRADOR RETRIEVER,FS
153788,CARL,8/30/2007,25.2,8/25/2014,CANINE,LABRADOR RETRIEVER,MC
153941,ELLIE MAE,12/2/2006,36.2,2/2/2016,CANINE,GOLDEN RETRIEVER,FS
154244,THUNDER,6/4/2009,64.2,12/15/2015,CANINE,SOUTH AFRICAN BOERBOEL,F
154825,PEPPER,3/1/2006,10.9,5/5/2016,CANINE,AMERICAN COCKER SPANIEL,MC
154889,BULLION DOLLAR BREEZ,3/22/2002,517,12/17/2013,EQUINE,QUARTER HORSE,MC
154907,ROCKY,3/16/2007,7,3/31/2010,CANINE,YORKSHIRE TERRIER,MC
155442,ABIGAIL,10/26/2006,33,7/1/2014,CANINE,GREYHOUND,FS
155624,CODY,11/6/2006,30.5,12/31/2015,CANINE,GERMAN SHEPHERD DOG,MC
156040,CHARLIE,5/3/2009,12.2,5/16/2014,CANINE,AMERICAN COCKER SPANIEL,FS
157019,ELVIS,12/31/2000,28.2,8/19/2015,CANINE,MIXED BREED DOG,MC
157126,MOXIE,1/26/2010,45.6,11/30/2015,CANINE,LABRADOR RETRIEVER,FS
157231,LEXIE,2/2/2010,42.5,2/16/2016,CANINE,BERNESE MOUNTAIN DOG,F
157959,BECKHAM,9/23/2006,13,12/29/2015,CANINE,FOX TERRIER,MC
158329,CHICA,8/27/2006,19,8/25/2014,CANINE,AMERICAN COCKER SPANIEL,FS
158461,IZZY,3/28/2008,20.1,4/21/2016,CANINE,VIZSLA,FS
158631,BITT,7/18/2002,7.4,9/10/2014,CANINE,JACK RUSSELL TERRIER,MC
158654,CRICKET TOO,11/1/2007,12.3,6/2/2016,CANINE,SCOTTISH TERRIER,MC
160009,MISTY STAR,12/25/2008,24.6,6/27/2016,CANINE,LABRADOR RETRIEVER,FS
160401,ZACK,11/25/2008,36.7,12/11/2015,CANINE,GERMAN SHEPHERD DOG,MC
160507,TRISTAN,8/1/2005,32.8,3/18/2016,CANINE,LABRADOR RETRIEVER,MC
160534,BELLA,2/14/2002,23,10/31/2014,CANINE,POODLE- STANDARD,FS
160832,KAVAN,5/17/2005,31.5,12/21/2015,CANINE,LABRADOR RETRIEVER,MC
161359,RUSTY,2/14/2007,13.4,12/22/2014,CANINE,AMERICAN COCKER SPANIEL,MC
161629,ELSA,4/9/2007,25.4,8/28/2015,CANINE,BELGIAN MALINOIS,FS
161896,HENRY,10/1/2003,34.5,8/8/2014,CANINE,LABRADOR RETRIEVER,MC
161949,NOPPEESE,4/9/2003,6,7/12/2014,CANINE,DACHSHUND,FS
162291,SASHA,7/30/2001,9.9,6/13/2016,CANINE,TERRIER,FS
162923,ARLO,5/30/2002,37,5/28/2015,CANINE,MIXED BREED DOG,MC
163169,BOO BOO,2/14/2003,22.5,9/4/2015,CANINE,CHOW CHOW,MC
163434,LITTLE BIT,3/27/2003,2.5,8/18/2014,CANINE,POODLE- TOY,MC
163460,BUDDY,4/20/2007,21.7,2/17/2016,CANINE,AMERICAN COCKER SPANIEL,MC
163475,ALLIE,9/14/2007,8.5,5/16/2016,CANINE,SCHNAUZER- MINIATURE,FS
163478,PHOENIX,11/14/2007,9.2,1/26/2015,CANINE,FRENCH BULLDOG,FS
163961,LUCKY,11/1/2004,45.1,6/9/2015,CANINE,MIXED BREED DOG,MC
164767,REDFORD,12/12/2002,38.7,5/23/2016,CANINE,LABRADOR RETRIEVER,MC
164842,XANDER,1/31/2011,52.1,5/9/2016,CANINE,GERMAN SHEPHERD DOG,M
165237,KAYLI,12/2/2008,13.3,5/24/2016,CANINE,BICHON FRISE,FS
166749,DIESEL,7/4/2010,33.3,9/2/2015,CANINE,AMERICAN STAFFORDSHIRE TERRIER,MC
166784,MOLLY,5/21/2006,22.9,8/17/2015,CANINE,MIXED BREED DOG,FS
166806,GRADY,1/20/2009,5.9,5/17/2016,FELINE,AMERICAN DOMESTIC SHORTHAIR,MC
166823,GIZMO,12/22/2000,9.9,6/16/2015,CANINE,SHIH TZU,MC
166828,HAILEY,11/1/2010,22.2,9/17/2015,CANINE,LABRADOR RETRIEVER,FS
167016,MOOKIE,12/15/2001,23.9,12/8/2015,CANINE,PORTUGUESE WATER DOG,MC
167350,TEDDY,2/12/2002,53.7,5/16/2015,CANINE,LABRADOR RETRIEVER,MC
167455,KOKO,3/7/2010,38.5,7/23/2015,CANINE,AMERICAN STAFFORDSHIRE TERRIER,FS
167551,GINGER,1/14/2003,18.7,8/23/2014,CANINE,GOLDEN RETRIEVER,FS
167575,CODY,12/1/2001,4.57,8/25/2015,CANINE,POODLE,MC
167774,THOR,8/8/2011,81.7,6/22/2015,CANINE,MASTIFF,M
169059,SHEBA,10/30/2006,61.9,8/24/2015,CANINE,ROTTWEILER,F
169115,WRIGLEY,7/9/2008,32,5/3/2016,CANINE,LABRADOR RETRIEVER,MC
169355,FRANKIE,3/9/2007,30.5,5/9/2014,CANINE,BOXER,MC
169414,MIA,12/19/2006,31.5,5/23/2014,CANINE,GERMAN SHEPHERD DOG,FS
169795,ANDY,4/12/2010,30.4,4/5/2016,CANINE,SETTER,MC
169887,DAISY,5/1/2009,22.1,12/7/2015,CANINE,GREYHOUND,FS
170255,OLLIE,5/17/2009,8.8,3/23/2016,CANINE,WEST HIGHLAND WHITE TERRIER,MC
170356,CHLOE,5/4/2004,11.1,5/25/2016,CANINE,AMERICAN COCKER SPANIEL,FS
170721,FELA,1/25/1999,25.7,12/12/2013,CANINE,MIXED BREED DOG,MC
170796,BUSTER,4/23/2004,22.8,5/13/2016,CANINE,AUSTRALIAN SHEPHERD,MC
170805,SASHA,1/29/2010,34.3,2/23/2016,CANINE,GOLDEN RETRIEVER,FS
170808,RONIN,1/5/2007,33,2/2/2016,CANINE,GERMAN SHEPHERD DOG,MC
170811,DUKE,4/1/2010,72,6/24/2016,CANINE,SOUTH AFRICAN BOERBOEL,M
170822,NELSON,11/1/2004,29,10/9/2015,CANINE,"BULLDOG, ENGLISH",MC
170844,MACON,7/26/2010,21.3,6/18/2014,CANINE,ENGLISH SPRINGER SPANIEL,MC
170847,LUCY,7/26/2011,10.4,4/6/2015,CANINE,"BULLDOG, FRENCH",FS
171754,LADYBUG,7/30/2002,20.7,1/29/2015,CANINE,LABRADOR RETRIEVER,FS
171836,ANNI,8/18/2000,3.19,2/21/2015,CANINE,SHIH TZU,FS
171950,SHADOW,10/1/2006,53,6/3/2014,CANINE,AKITA,FS
172000,ROSIE,5/1/2004,7,12/22/2015,CANINE,DACHSHUND,FS
172111,MORENO,12/15/2008,44.8,1/21/2016,CANINE,WEIMARANER,MC
172269,ZEUS,4/7/2010,95,7/14/2015,CANINE,MASTIFF,MC
172362,GUINNESS,4/7/2012,11.9,11/14/2013,CANINE,MIXED BREED DOG,MC
172682,LIKA,11/1/2003,18.4,7/21/2015,CANINE,GERMAN SHEPHERD DOG,MC
172964,MILLIE,10/3/2002,12,7/24/2015,CANINE,AMERICAN COCKER SPANIEL,FS
172966,WOLF,10/3/2001,16,10/7/2014,CANINE,ESKIMO SPITZ,MC
173021,SNICKERS,10/4/2005,9.5,3/22/2016,CANINE,CAVALIER KING CHARLES SPANIEL,MC
173039,SCOOTER,5/24/2012,17.7,6/30/2015,CANINE,MIXED BREED DOG,M
173651,MUMFORD,5/26/2012,23.8,11/21/2015,CANINE,HOUND,MC
173940,LACI,9/22/2010,40.4,11/13/2014,CANINE,LABRADOR RETRIEVER,FS
173955,OWEN,11/4/2009,26.8,12/28/2015,CANINE,"BULLDOG, ENGLISH",MC
173977,MINNIE,3/18/2007,31.4,6/27/2016,CANINE,MIXED BREED DOG,FS
173984,PJ,12/27/2002,5.7,11/9/2015,CANINE,SHIH TZU,MC
173998,JAKE,10/23/2002,28.3,11/5/2013,CANINE,ENGLISH SPRINGER SPANIEL,UNK
174035,DOLCE,4/17/2005,4.2,11/13/2015,CANINE,MALTESE,MC
174380,IVAN,7/19/2007,49.2,1/5/2015,CANINE,GREAT PYRENEES,MC
174459,BODIE,11/19/2008,23.8,7/17/2013,CANINE,SIBERIAN HUSKY,MC
174598,CLAIRE,2/1/2001,27.5,5/2/2016,CANINE,BOXER,FS
174702,MARTINI,6/16/2006,11.8,12/29/2015,CANINE,AMERICAN COCKER SPANIEL,FS
174769,LUCKY,12/11/2002,13.2,9/10/2015,CANINE,AMERICAN COCKER SPANIEL,MC
174780,MONTY,3/15/2010,32.1,6/8/2016,CANINE,GOLDEN RETRIEVER,MC
174843,BAILEY,7/29/2004,10.6,6/11/2014,CANINE,DACHSHUND- MINIATURE,MC
175215,MASON,12/29/1997,3.3,6/1/2013,FELINE,DOMESTIC LONGHAIRED CAT,MC
175547,APU,7/23/2004,4.25,3/15/2013,CANINE,SHIH TZU,MC
175573,APOLLO,3/1/2003,49,5/26/2015,CANINE,GERMAN SHEPHERD DOG,MC
175674,ALEXA,1/1/2000,13.5,8/12/2014,CANINE,SHETLAND SHEEPDOG,FS
175705,STEWIE,11/13/2012,6.1,1/31/2016,CANINE,JACK RUSSELL TERRIER,MC
175807,MANDY,5/20/2007,5.8,2/25/2015,CANINE,WEST HIGHLAND WHITE TERRIER,FS
176306,NOHEA-BLEU,6/5/2003,36.2,9/22/2015,CANINE,SIBERIAN HUSKY,MC
176329,CARLY,7/20/2003,9.4,5/20/2016,CANINE,LHASA APSO,FS
176340,LYRA,7/1/2011,33.3,12/2/2014,CANINE,GERMAN SHEPHERD DOG,FS
176343,DIESEL,7/4/2009,50,6/13/2016,CANINE,AMERICAN BULLDOG,M
176347,WHISKEY,2/18/2010,29.1,3/29/2016,CANINE,BOXER,FS
176676,BUSTER,7/6/2006,9.2,5/7/2013,CANINE,PUG,MC
176983,MISTY,2/1/2012,57,3/30/2016,CANINE,SOUTH AFRICAN BOERBOEL,FS
177020,COF IVAR,3/20/2003,495,10/29/2015,EQUINE,NORWEGIAN FJORD,MC
177306,SAMSON,4/1/2010,4.5,2/6/2014,FELINE,AMERICAN DOMESTIC SHORTHAIR,MC
177324,HONEY,8/13/2009,12,8/7/2015,CANINE,FRENCH BULLDOG,FS
177329,BRUTUS,6/30/2010,4.5,2/27/2015,CANINE,YORKSHIRE TERRIER,MC
177356,LILLY,1/27/2008,41.5,3/11/2016,CANINE,LABRADOR RETRIEVER,FS
177381,ELLA,9/20/2012,26.3,9/18/2015,CANINE,HOUND,FS
177383,JAX,6/21/2003,5.2,6/7/2016,CANINE,SHIH TZU,MC
177764,JET,5/6/1990,490,5/8/2013,EQUINE,THOROUGHBRED,MC
177940,RUTH,11/6/2004,25.5,1/26/2016,CANINE,BOXER,FS
177998,SPIRIT,7/1/2003,2.62,12/24/2015,CANINE,POMERANIAN,MC
178007,TIMBER,11/12/2001,34.9,10/31/2014,CANINE,GOLDEN RETRIEVER,MC
178072,MAX,11/8/2001,5.25,5/23/2013,CANINE,MALTESE,M
178374,PUCHI,5/20/2009,4.6,5/6/2016,CANINE,MALTESE,FS
178394,SAUCY,12/15/2004,12.2,9/16/2015,CANINE,FRENCH BULLDOG,FS
178406,HAZEL MAE,6/1/2003,38,4/28/2014,CANINE,LABRADOR RETRIEVER,FS
178408,BAILEY,5/24/2008,8.2,9/5/2014,CANINE,SCOTTISH TERRIER,M
178418,KHAYLA,6/7/2007,24,5/10/2016,CANINE,AMERICAN STAFFORDSHIRE TERRIER,FS
178446,BUDDY,9/7/2009,11.6,3/29/2016,CANINE,BOSTON TERRIER,MC
178954,LITTLE MAN,1/16/2005,7.5,10/24/2014,CANINE,MALTESE,MC
178955,LUKE,4/17/2010,29.5,11/18/2015,CANINE,GERMAN SHORTHAIRED POINTER,MC
178967,TEBOW,11/9/2011,30.3,8/13/2014,CANINE,"BULLDOG, ENGLISH",MC
178989,HICKORY,11/2/2007,14.9,3/4/2016,CANINE,BEAGLE,MC
179327,COOLEY,6/18/2009,44.3,7/7/2015,CANINE,LABRADOR RETRIEVER,MC
179360,LILAH,9/11/2008,29.3,10/1/2013,CANINE,LABRADOR RETRIEVER,FS
179362,CASPER,5/1/2007,5.4,2/17/2016,CANINE,PEKINGESE,MC
179577,LOUIS,7/16/2004,5.89,9/4/2014,CANINE,PEKINGESE,MC
179680,JACKIE,3/9/2002,13.4,6/13/2016,CANINE,FLAT-COATED RETRIEVER,FS
179917,MAGGIE,6/23/2009,20,6/14/2016,CANINE,AMERICAN COCKER SPANIEL,FS
179930,KODI,7/30/2006,64.2,9/5/2014,CANINE,NEWFOUNDLAND,MC
179949,SCOUT,7/18/2005,5.9,10/1/2013,FELINE,MIXED BREED CAT,FS
179968,BOGEY,2/12/2004,8.8,11/12/2015,CANINE,BICHON FRISE,MC
179988,GUINNESS,6/22/2007,45.3,12/17/2015,CANINE,NEWFOUNDLAND,MC
180266,CASSEDY,1/21/2013,24.8,11/19/2013,CANINE,LABRADOR RETRIEVER,MC
180283,BACHELOR,7/24/2004,37.1,5/21/2015,CANINE,GOLDEN RETRIEVER,MC
180350,CASEY,8/14/1995,450,5/27/2014,EQUINE,ARABIAN,F
180606,HIGH COTTON,9/2/1994,535,5/12/2016,EQUINE,PAINT HORSE,F
180759,JEWELS,9/10/2012,4.1,9/15/2015,FELINE,AMERICAN DOMESTIC SHORTHAIR,MC
180783,CARMEL,3/1/2012,5.45,6/27/2014,FELINE,AMERICAN DOMESTIC SHORTHAIR,MC
180821,BOSTON,7/15/2007,39.4,8/3/2015,CANINE,GERMAN SHEPHERD DOG,MC
180825,HUNTER,6/21/2006,31.1,6/8/2016,CANINE,GOLDEN RETRIEVER,MC
180885,CHIEF,9/16/2006,47.5,3/22/2016,CANINE,DOBERMAN PINSCHER,MC
181016,ABSOLUTE CHARM,9/12/2002,517,10/31/2013,EQUINE,THOROUGHBRED,F
181043,PIPER,12/24/2012,48.8,9/27/2013,CAPRINE,BOER,UNK
181473,CHARLIE,1/14/2010,27.4,3/4/2016,CANINE,GOLDEN RETRIEVER,MC
181474,REAGAN,1/24/2012,27.4,6/7/2016,CANINE,LABRADOR RETRIEVER,MC
181476,BOOMER,10/16/2009,11.7,9/8/2015,CANINE,"BULLDOG, FRENCH",MC
181503,JERSEY,1/1/2009,33,1/7/2015,CANINE,LABRADOR RETRIEVER,FS
181513,BELLA,2/5/2012,30.6,12/3/2013,CANINE,LABRADOR RETRIEVER,FS
181540,WINSTON,3/5/2013,18.2,5/20/2014,CANINE,"BULLDOG, ENGLISH",MC
181549,MIMI,11/5/2005,4.7,2/25/2014,CANINE,SHIH TZU,FS
181688,LUKE,8/1/1999,20,12/1/2014,CANINE,SAMOYED,MC
181884,BEATRICE,4/25/2011,33.566,6/15/2016,CANINE,AMERICAN BULLDOG,FS
181911,GALAHAD,5/20/2005,7.7,5/31/2016,FELINE,MAINE COON CAT,MC
182461,MISTIC MOONGLOW,11/8/1995,580,11/11/2013,EQUINE,QUARTER HORSE,F
182772,OSCAR,6/26/2009,37,4/2/2016,CANINE,GREAT PYRENEES,MC
182777,KIMBO,11/20/2003,45.1,3/4/2015,CANINE,GERMAN SHEPHERD DOG,M
183005,DORA,1/2/2006,36.7,12/11/2015,CANINE,BOXER,FS
183025,TALGEE,5/30/2002,9.3,4/25/2016,CANINE,AMERICAN COCKER SPANIEL,FS
183100,CONCHO,12/10/1994,535,12/17/2013,EQUINE,THOROUGHBRED,MC
183277,PRECIOUS,7/3/2007,49.2,7/14/2014,CANINE,MASTIFF,F
183333,RASCAL,7/8/2003,35.7,9/24/2014,CANINE,LABRADOR RETRIEVER,MC
183394,JACKSON,6/26/2011,32,5/9/2014,CANINE,LABRADOR RETRIEVER,MC
183504,COCO,12/24/2005,10,5/26/2015,CANINE,POODLE,FS
183720,BEAR,3/29/2012,6.09,3/12/2015,CANINE,SHIH TZU,MC
183773,SKYE,12/30/2004,11.4,5/10/2016,CANINE,SCOTTISH TERRIER,FS
183877,GLORY,5/2/2012,6.5,3/7/2014,CANINE,SCHNAUZER- MINIATURE,FS
184250,HUEY,5/7/2007,40.8,5/3/2016,CANINE,LABRADOR RETRIEVER,MC
184276,BAILEY,2/10/2007,3.2,4/21/2014,CANINE,MALTESE,MC
184368,A.J.,5/3/2008,5.13,9/30/2014,FELINE,AMERICAN DOMESTIC SHORTHAIR,MC
184376,CARA,6/8/2013,19.1,3/25/2014,CANINE,LABRADOR RETRIEVER,FS
184493,NORAH,5/17/2007,47.6,12/4/2015,CANINE,IRISH WOLFHOUND,F
184591,CHLOE,6/14/2011,3.34,6/24/2016,CANINE,CHIHUAHUA,FS
184750,BUSTER,1/1/2010,36,4/21/2016,CANINE,BOXER,MC
184892,CALVIN,10/18/2006,10.7,6/20/2016,CANINE,AMERICAN COCKER SPANIEL,MC
184924,SHEBA,8/1/2010,34.9,7/17/2015,CANINE,GERMAN SHEPHERD DOG,FS
185014,ROSIE,3/6/2003,0.427,3/13/2014,AVIAN,COCKATOO ROSE BREASTED,M
185111,FLOYD,2/27/2001,19.6,7/16/2014,CANINE,BEAGLE,M
185188,HENRY,9/22/2007,39.9,12/9/2015,CANINE,LABRADOR RETRIEVER,MC
185194,MACK,11/9/2006,35.7,7/15/2014,CANINE,PLOTT HOUND,MC
185218,BUDDY,3/25/2008,5.5,5/25/2016,CANINE,POMERANIAN,MC
185342,BLUETOES,7/4/2009,30.1,5/11/2016,CANINE,AMERICAN STAFFORDSHIRE TERRIER,MC
185377,RUBIN,3/24/2007,4.26,3/29/2014,CANINE,CHIHUAHUA,M
185381,CLINT,4/13/2001,38.2,8/1/2014,CANINE,LABRADOR RETRIEVER,MC
185419,DIVA,1/16/2004,40.398,8/4/2015,CANINE,NEWFOUNDLAND,FS
185456,BEHR,4/18/2013,40.4,12/3/2015,CANINE,OLD ENGLISH SHEEPDOG,M
185480,GEORGIA,9/25/2010,27,5/17/2016,CANINE,LABRADOR RETRIEVER,FS
185485,SNOWFLAKE,11/12/2008,8.6,3/2/2015,CANINE,CHIHUAHUA,FS
185498,RUSSELL,4/17/2011,4.31,9/3/2014,FELINE,DOMESTIC SHORTHAIRED CAT,MC
185667,TRUDY,4/27/2003,7.1,7/21/2014,CANINE,SHIH TZU,FS
185746,TABITHA,11/27/1999,4.1,4/29/2014,FELINE,DOMESTIC SHORTHAIRED CAT,FS
185852,SCHATZIE,4/26/2005,6.9,11/19/2014,CANINE,DACHSHUND- MINIATURE,FS
185857,BRUNO,10/25/2011,62.4,5/10/2016,CANINE,GREAT DANE,MC
185859,BULLWINKLE,4/10/2009,45.5,5/2/2014,CANINE,BULLMASTIFF,M
185869,MISTI,4/21/2011,4,9/18/2015,CANINE,YORKSHIRE TERRIER,FS
185878,ROGER,8/22/2007,9.3,11/17/2015,CANINE,HAVANESE DOG,MC
185885,SUGAR,3/1/2013,19,5/28/2014,CANINE,MIXED BREED DOG,FS
185890,NUGGET,5/13/2005,37.8,11/26/2014,CANINE,CHOW CHOW,MC
185891,MERRICK,3/15/2005,37.8,5/16/2014,CANINE,GOLDEN RETRIEVER,MC
185892,SCRUFFY,12/22/2005,58,5/19/2014,CANINE,ALASKAN MALAMUTE,M
185923,TOBY,5/2/2012,5.1,6/13/2014,CANINE,LHASA APSO,MC
185972,SCARLETT,2/21/2014,14.3,11/14/2014,CANINE,BEAGLE,FS
186159,KOTA,4/22/2006,8.7,4/8/2015,CANINE,YORKSHIRE TERRIER,FS
186381,SADIE,5/1/2001,9.2,10/26/2015,CANINE,JACK RUSSELL TERRIER,FS
186399,REILLY,11/11/2001,18.2,4/30/2014,CANINE,IRISH TERRIER,MC
186400,BELLA,5/1/2002,25.8,8/19/2014,CANINE,MIXED BREED DOG,FS
186502,COCOA,5/5/2003,4.1,9/23/2015,FELINE,AMERICAN DOMESTIC MEDIUM HAIR,FS
186506,NIRRTI,10/30/2003,20.4,5/28/2014,CANINE,SIBERIAN HUSKY,FS
186512,PRALINE,9/10/2013,15.7,4/10/2015,CANINE,LABRADOR RETRIEVER,F
186513,LARRY,12/1/2008,28.123,5/19/2015,CANINE,POODLE- STANDARD,M
186518,AZUL,5/1/2012,30.4,10/31/2014,CANINE,STAFFORDSHIRE BULL TERRIER,MC
186526,JAKE,5/5/2003,27.4,8/15/2014,CANINE,ENGLISH SPRINGER SPANIEL,MC
186529,CHARLIE,8/11/2003,25.1,6/9/2014,CANINE,HOUND,MC
186531,HONEY,2/27/2008,13,8/25/2015,CANINE,BEAGLE,FS
186532,DAKOTA,5/28/2000,18.2,7/8/2014,CANINE,SIBERIAN HUSKY,MC
186564,ROXY,4/27/2008,40.9,3/16/2015,CANINE,BOXER,FS
186566,KATIE GRACE,8/5/2013,43.4,8/20/2014,CANINE,GREAT DANE,FS
186567,COCO,6/18/2008,5.7,7/28/2014,CANINE,YORKSHIRE TERRIER,MC
186574,MCCURDY,2/4/2007,26,4/14/2015,CANINE,"CORGI, PEMBROKE WELSH",MC
186575,BENSON,11/21/2009,29.6,12/5/2014,CANINE,HOUND,MC
186585,DUNCAN,7/7/2011,36.4,6/22/2016,CANINE,GOLDEN RETRIEVER,MC
186589,TOBY,3/15/2003,16,9/3/2014,CANINE,MIXED BREED DOG,MC
186594,DOZER,1/22/2011,54.1,9/17/2014,CANINE,ROTTWEILER,M
186654,14 AWESOMEAUTUMN FIL,2/28/2014,185,7/23/2014,EQUINE,QUARTER HORSE,F
186866,MERRIE,11/27/2008,24.2,7/30/2015,CANINE,AMERICAN STAFFORDSHIRE TERRIER,FS
186869,SOPHIE,4/29/2003,8.3,6/13/2014,CANINE,WELSH TERRIER,FS
186982,HARVEY,5/28/2012,17.5,10/8/2014,CANINE,HOUND,M
187000,WATSON,4/20/2013,41.7,9/15/2014,CANINE,GREAT DANE,MC
187104,JACKS,8/13/2007,10.4,9/25/2014,CANINE,PUG,MC
187120,MAGGIE,6/9/2008,17.9,7/30/2014,CANINE,BORDER COLLIE,FS
187265,COCOA,5/28/2004,24.3,6/15/2016,CANINE,AMERICAN COCKER SPANIEL,MC
187307,ONYX,2/13/2004,31.2,12/31/2015,CANINE,ROTTWEILER,MC
187353,DIESEL,5/15/2008,31.5,9/3/2014,CANINE,WEIMARANER,MC
187361,HARRIET,7/21/2008,29.9,8/4/2014,CANINE,AIREDALE TERRIER,FS
187384,RAMPAGE,7/11/2008,26.6,7/21/2014,CANINE,BOXER,M
187454,BELLA,6/5/2010,10.6,7/9/2014,CANINE,PEKINGESE,FS
187472,BOUTROS,4/16/2006,44.4,8/12/2014,CANINE,GERMAN SHEPHERD DOG,MC
187521,HUNLEY,3/21/2006,8.6,4/11/2016,CANINE,DACHSHUND,MC
187549,PUMA,6/21/2008,6.8,1/30/2015,CANINE,BICHON FRISE,FS
187755,BAILEY,6/30/2006,4.7,5/4/2015,FELINE,DOMESTIC LONGHAIRED CAT,FS
187760,CHEBA,4/4/2011,33,7/7/2014,CANINE,AMERICAN STAFFORDSHIRE TERRIER,FS
187764,DYSON,8/1/2008,26.5,11/19/2015,CANINE,BRITTANY SPANIEL,M
187768,KADIR,8/22/2005,6.7,7/9/2014,CANINE,YORKSHIRE TERRIER,MC
187769,SHADOW,6/30/2001,7.5,1/12/2016,CANINE,POODLE- MINIATURE,FS
187776,BONZO,6/27/2008,30.8,10/6/2014,CANINE,LABRADOR RETRIEVER,MC
187793,CODY,12/27/2007,32,1/6/2015,CANINE,GOLDEN RETRIEVER,MC
187833,GORDY,10/11/2008,31.5,5/19/2015,CANINE,FIELD SPANIEL,MC
188177,CALLIE,7/13/2011,17.2,7/14/2014,CANINE,BORDER COLLIE,FS
188220,HEDI,12/21/2002,35.1,7/28/2014,CANINE,GERMAN SHEPHERD DOG,FS
188257,FRIEDA,7/17/2004,6.35,7/24/2014,CANINE,JACK RUSSELL TERRIER,FS
188307,LESLIE,7/8/2011,6.5,12/9/2014,FELINE,DOMESTIC SHORTHAIRED CAT,FS
188308,BELLE,12/30/2009,35.7,6/11/2016,CANINE,LABRADOR RETRIEVER,FS
188309,COOPER,7/8/2007,25.5,2/10/2015,CANINE,VIZSLA,MC
188311,CHANCE,7/16/2010,30.8,9/22/2014,CANINE,AMERICAN STAFFORDSHIRE TERRIER,MC
188322,GRETEL,7/15/2008,5.2,8/13/2014,CANINE,DACHSHUND,FS
188324,ANNIE,9/1/2000,24.2,9/9/2014,CANINE,BEAGLE,FS
188329,CASEY,11/17/2010,32.6,3/9/2015,CANINE,GOLDEN RETRIEVER,FS
188330,DUBLIN,8/25/2012,23.2,3/20/2015,CANINE,LABRADOR RETRIEVER,FS
188331,CYRUS,3/13/2002,32,10/15/2014,CANINE,ROTTWEILER,MC
188332,JOKER,5/31/2013,53.4,9/25/2014,CANINE,CAUCASIAN OVCHARKA (MOUNTAIN),M
188339,JAKE,11/29/2009,28.6,10/28/2015,CANINE,ENGLISH SPRINGER SPANIEL,MC
188344,HONEY,7/31/2013,16.8,9/29/2014,CANINE,SHAR-PEI,FS
188346,PEANUT,7/22/2000,2.74,10/29/2014,CANINE,CHIHUAHUA,FS
188358,MAIZEY,7/20/2005,31,7/20/2014,CANINE,COONHOUND,FS
188537,JADE,3/11/2005,19.2,5/21/2016,CANINE,PORTUGUESE WATER DOG,FS
188578,WYATT,1/12/2014,32.5,5/11/2016,CANINE,GERMAN SHEPHERD DOG,MC
188667,DIGBY,8/3/2003,8.9,8/3/2014,FELINE,DOMESTIC LONGHAIRED CAT,MC
188754,ANDREW,11/4/2003,32,10/29/2014,CANINE,LABRADOR RETRIEVER,MC
188760,SAM,3/19/2014,19.9,10/1/2014,CANINE,ENGLISH SETTER (LLEWELLYN),M
188763,BANDIT,3/1/2003,34.8,3/9/2015,CANINE,GERMAN SHEPHERD DOG,MC
188764,BUDDY,5/4/2003,5.9,10/1/2014,CANINE,SCHNAUZER- MINIATURE,M
188768,BUBBA JOE,8/26/2006,31.5,9/8/2014,CANINE,AMERICAN STAFFORDSHIRE TERRIER,MC
188771,HOPE,2/18/2014,12.7,9/16/2014,CANINE,MIXED BREED DOG,F
188775,CESSNA,11/19/2006,35.1,9/10/2014,CANINE,RETRIEVER,MC
188776,COPPER,3/25/2014,18.1,12/12/2014,CANINE,IRISH SETTER,MC
188780,LIZZY,3/1/2003,6.86,6/22/2016,CANINE,JACK RUSSELL TERRIER,F
188781,KIRBY,8/25/2008,7.2,10/16/2015,CANINE,CAVALIER KING CHARLES SPANIEL,MC
188782,ZOEY,11/1/2002,14.8,12/17/2014,CANINE,AUSTRALIAN SHEPHERD,FS
188793,HANK,7/23/2013,16.4,11/7/2014,CANINE,"BULLDOG, ENGLISH",MC
188796,LEELOO,11/12/2012,25.2,2/16/2015,CANINE,WEIMARANER,FS
188799,ALLE,4/23/2005,7.6,8/27/2014,CANINE,MIXED BREED DOG,FS
188808,ROOKIE,5/25/2013,40.7,9/24/2014,CANINE,LABRADOR RETRIEVER,FS
188909,GEORGE,12/19/2009,8.6,5/12/2016,CANINE,SHIH TZU,MC
188934,BENJI,8/29/2001,3.8,9/9/2014,FELINE,DOMESTIC SHORTHAIRED CAT,MC
188961,BRUTUS,7/4/1999,2,7/24/2015,CANINE,CHIHUAHUA,MC
188971,ROCKAFELLA,5/1/2005,31,6/16/2015,CANINE,LABRADOR RETRIEVER,MC
188975,NAYANA,5/26/2007,28.6,4/29/2016,CANINE,SIBERIAN HUSKY,FS
188979,HARLEY,12/3/2007,4.8,6/26/2015,CANINE,YORKSHIRE TERRIER,MC
188981,JANIE,6/2/2005,12,8/11/2015,CANINE,"CORGI, PEMBROKE WELSH",FS
188996,REESIE,6/19/2008,22.2,6/22/2016,CANINE,"BULLDOG, ENGLISH",FS
189012,TEDDY,8/28/2000,26.9,11/10/2014,CANINE,GOLDEN RETRIEVER,MC
189016,SPOTTY,12/18/2013,21.773,7/9/2015,CANINE,POINTER,MC
189026,MINNIE,7/12/2004,3.6,5/27/2015,CANINE,CHIHUAHUA,FS
189030,GABRIEL,1/16/2004,40.8,2/27/2015,CANINE,LABRADOR RETRIEVER,MC
189037,ZOE,3/15/2005,20.3,11/23/2015,CANINE,BASSET HOUND,FS
189046,ELVIS,6/1/2002,6.9,12/24/2014,CANINE,SHIH TZU,MC
189205,MILKSHAKE,6/30/2006,35.1,8/12/2014,CANINE,LABRADOR RETRIEVER,FS
189235,OLLIE,8/14/2007,9.34,12/18/2015,CANINE,MALTESE,MC
189279,TOVE,10/10/2011,53,3/11/2015,CANINE,GREAT DANE,FS
189560,ASPEN,8/17/2007,34,7/30/2015,CANINE,COLLIE,FS
189670,BRATT,10/15/2008,7.2,9/5/2014,CANINE,DACHSHUND,M
189695,TYSON,1/29/2003,33.1,10/9/2014,CANINE,LABRADOR RETRIEVER,MC
189797,STELLA,8/19/2013,35.9,2/21/2016,CANINE,LABRADOR RETRIEVER,FS
189811,FAYE,9/22/2007,46.3,9/24/2014,CANINE,ROTTWEILER,F
189830,ROSIE,6/6/2004,10.8,3/1/2016,CANINE,AMERICAN COCKER SPANIEL,FS
189845,JAZZY,9/10/2006,5,9/21/2014,CANINE,SILKY TERRIER,FS
189859,REGGIE,4/15/2011,36.9,12/10/2015,CANINE,GOLDEN RETRIEVER,MC
189867,TESS,8/1/2006,14.1,3/4/2016,CANINE,SOFT-COATED WHEATEN TERRIER,FS
189880,CHARLIE,10/17/2007,36,10/21/2014,CANINE,GOLDEN RETRIEVER,MC
189884,EATON,9/6/2004,23.6,12/4/2015,CANINE,BOXER,MC
189886,CARLEE CAROLINE,11/10/2008,21.8,3/14/2016,CANINE,"BULLDOG, ENGLISH",FS
189891,HENNY,10/16/2006,6.1,11/24/2014,CANINE,YORKSHIRE TERRIER,MC
189892,DEXTER,4/15/2008,9.1,10/28/2014,CANINE,CAIRN TERRIER,MC
189895,CHAUCER,3/29/2003,24,10/29/2014,CANINE,LABRADOR RETRIEVER,MC
189896,SWEET MOLLY MCGEE,11/30/2007,25,10/29/2014,CANINE,"BULLDOG, ENGLISH",FS
190262,ROADIE,2/17/2013,14.6,9/4/2015,CANINE,FIELD SPANIEL,FS
190372,CHARLIE,5/22/2014,8.6,6/21/2016,CANINE,PUG,M
190461,OREO,4/6/2010,8.4,12/15/2015,CANINE,SHIH TZU,MC
190467,JAXX,4/19/2012,14.2,12/5/2014,CANINE,FRENCH BULLDOG,MC
190468,MARLEY,11/4/2010,51.8,12/3/2014,CANINE,GOLDEN RETRIEVER,MC
190476,OSKI,10/13/2012,29.1,12/14/2015,CANINE,GERMAN SHEPHERD DOG,M
190485,DADDY,2/1/2011,38.7,5/25/2016,CANINE,GOLDEN RETRIEVER,MC
190496,BELLA,11/28/2010,29,11/18/2014,CANINE,AMERICAN STAFFORDSHIRE TERRIER,FS
190562,SALLY,4/12/2004,15,10/14/2014,CANINE,BEAGLE,FS
190599,JAG,9/19/2011,30.6,1/4/2016,CANINE,GREYHOUND,MC
190680,REYZ METWICE,10/28/2009,490,10/28/2014,EQUINE,QUARTER HORSE,F
190710,CODY,4/15/2009,40.2,1/19/2015,CANINE,SIBERIAN HUSKY,MC
190852,CODY,6/11/2008,19.5,12/23/2015,CANINE,SHETLAND SHEEPDOG,MC
190854,OAKLYN,3/1/2011,29.2,2/22/2016,CANINE,AMERICAN STAFFORDSHIRE TERRIER,FS
190881,KING,10/13/2011,56,5/4/2015,CANINE,CANE CORSO DOG,MC
190892,SISSY GIRL,10/31/2009,5.3,11/10/2015,CANINE,YORKSHIRE TERRIER,FS
190893,BAILEY,10/20/2010,35.7,5/2/2016,CANINE,LABRADOR RETRIEVER,FS
190904,RADAR,10/28/2009,22.3,11/6/2014,CANINE,MIXED BREED DOG,MC
190905,ZOEY,11/7/2005,10.8,1/27/2016,CANINE,CAVALIER KING CHARLES SPANIEL,FS
190920,CHARLIE,11/29/2006,14.1,1/8/2015,CANINE,AMERICAN COCKER SPANIEL,MC
190949,GRACIE,11/28/2008,20.9,10/29/2014,CANINE,MIXED BREED DOG,FS
191080,SHELLY,10/31/2006,19.7,6/12/2015,CANINE,MIXED BREED DOG,FS
191090,MARLIN,9/9/2012,55.5,11/9/2014,CANINE,GREAT DANE,M
191124,JAKE,3/18/2008,13.6,3/17/2015,CANINE,PUG,MC
191204,LEONHARD,1/16/2011,25.8,1/21/2016,CANINE,MIXED BREED DOG,MC
191284,HONDA,6/6/2012,24.3,11/19/2014,CANINE,AKITA,MC
191378,PIPER,5/20/2013,381.194,11/24/2015,EQUINE,QUARTER HORSE,F
191404,VIXEN,2/3/2004,18.1,12/4/2014,CANINE,BRITTANY SPANIEL,FS
191511,COLT,11/17/2012,68.5,4/13/2016,CANINE,GREAT DANE,M
191519,SPENCER,11/18/2001,22.8,2/2/2015,CANINE,LABRADOR RETRIEVER,MC
191526,POE,11/26/2002,27.4,1/27/2015,CANINE,AMERICAN STAFFORDSHIRE TERRIER,FS
191540,BEAR,8/20/2011,52.6,9/16/2015,CANINE,NEWFOUNDLAND,MC
191546,HANNA,7/7/2004,25.6,3/2/2015,CANINE,GERMAN SHORTHAIRED POINTER,FS
191655,MILLER,2/26/2010,11.1,5/31/2016,CANINE,FRENCH BULLDOG,MC
191693,DAKOTA,8/23/2011,29.4,6/8/2016,CANINE,COLLIE,F
191705,DARLING,12/9/2013,3.5,12/11/2014,CANINE,MIXED BREED DOG,F
191756,KITO,2/1/2012,77.5,4/19/2016,CANINE,MASTIFF,MC
191760,DIXIE,3/19/2013,30.5,5/18/2016,CANINE,BLUETICK HOUND,FS
191764,NEMO,9/15/2005,44,12/22/2015,CANINE,LABRADOR RETRIEVER,MC
191788,LOUIE,12/2/2009,5.7,10/28/2015,CANINE,YORKSHIRE TERRIER,MC
191789,SOPHIE,7/29/2004,4.2,5/10/2016,CANINE,MALTESE,FS
191793,CHARLIE,1/20/2005,12.2,6/17/2015,CANINE,AMERICAN COCKER SPANIEL,MC
191797,KARRA,1/7/2012,3.57,2/2/2015,CANINE,YORKSHIRE TERRIER,FS
191800,HAMPTON,6/14/2014,19.1,1/24/2015,CANINE,"BULLDOG, ENGLISH",MC
191816,GIZMO,12/3/2007,5,12/3/2014,CANINE,SHIH TZU,MC
191837,FLASH,12/8/2006,18.5,5/5/2015,CANINE,MIXED BREED DOG,MC
191840,BELLA,2/17/2008,36.18,4/13/2015,CANINE,WEIMARANER,FS
192071,OLIVIA,7/6/2008,4,5/26/2015,CANINE,YORKSHIRE TERRIER,FS
192082,OLIVER,8/1/2004,29.5,3/23/2015,CANINE,AKITA,MC
192220,PRINCE,8/28/2006,33,12/16/2014,CANINE,GERMAN SHEPHERD DOG,M
192297,BUZZ LIGHTFOOT,5/23/1998,575,1/5/2015,EQUINE,THOROUGHBRED,MC
192414,BUG,11/8/2008,12.2,6/11/2016,CANINE,FRENCH BULLDOG,M
192463,GRACIE,12/19/2003,3.88,2/4/2015,FELINE,SIAMESE,FS
192573,BAILEY,9/6/2009,29.8,6/21/2016,CANINE,BOXER,FS
192612,MISTY,2/1/2008,41.6,2/14/2015,CANINE,LABRADOR RETRIEVER,FS
192689,DUTCHESS,10/1/2008,5.45,5/10/2016,CANINE,YORKSHIRE TERRIER,FS
192699,LEXI,9/6/2011,9.3,9/22/2015,CANINE,AMERICAN COCKER SPANIEL,FS
192728,BACARDI,1/1/2010,587,1/22/2015,EQUINE,WARM BLOOD,MC
192892,LUNA,1/23/2005,31,8/19/2015,CANINE,LABRADOR RETRIEVER,FS
192953,SHELTON,1/29/2001,20.7,2/3/2015,CANINE,BOXER,MC
192973,MABEL,4/1/2003,5.1,4/21/2015,FELINE,DOMESTIC SHORTHAIRED CAT,FS
192979,HOLLY,1/12/2005,36.6,4/13/2016,CANINE,LABRADOR RETRIEVER,FS
192984,CODY,4/28/2012,30,2/13/2015,CANINE,GOLDEN RETRIEVER,MC
192992,MATTI,6/13/2003,5,9/16/2015,CANINE,LHASA APSO,FS
192997,BUDDY,3/3/2011,26.5,3/3/2015,CANINE,BOXER,MC
193017,TEDDIE,2/2/2011,6.32,4/12/2015,CANINE,POMERANIAN,FS
193055,BUCK,3/29/2003,18.5,5/3/2015,CANINE,AMERICAN ESKIMO,MC
193086,ACE,6/26/2013,56,2/12/2015,CANINE,GERMAN SHEPHERD DOG,MC
193133,TAYLOR,2/13/1989,472,2/13/2015,EQUINE,QUARTER HORSE,F
193135,TWO C MAC'S DELIGHT,12/11/2003,485,2/11/2015,EQUINE,MORGAN,MC
193157,GINA,11/17/2008,9,1/27/2015,CANINE,DACHSHUND,FS
193254,EMMA,9/15/2008,27.4,4/21/2016,CANINE,GERMAN SHEPHERD DOG,FS
193256,OLLIE,2/14/2013,12,8/25/2015,CANINE,GERMAN SHEPHERD DOG,MC
193259,BEAR,3/9/2010,40.5,3/9/2015,CANINE,ROTTWEILER,MC
193278,COOPER,2/23/2006,34.8,3/30/2015,CANINE,AMERICAN STAFFORDSHIRE TERRIER,MC
193279,CROUTON,2/6/2003,6.27,10/22/2015,FELINE,DOMESTIC SHORTHAIRED CAT,MC
193280,HOGIE,11/1/2011,41.8,6/10/2016,CANINE,GERMAN SHEPHERD DOG,MC
193282,KATY DID,2/5/2007,6.2,5/16/2016,FELINE,DOMESTIC SHORTHAIRED CAT,FS
193283,FLURRY,3/20/2014,8.4,6/27/2016,CANINE,WEST HIGHLAND WHITE TERRIER,FS
193410,WRIGLEY,2/11/2009,32,10/28/2015,CANINE,ROTTWEILER,FS
193463,TANK,2/10/2010,6.8,2/11/2015,CANINE,DACHSHUND- LONG-HAIRED,MC
193478,RILEY,7/1/2010,22.2,11/24/2015,CANINE,AMERICAN STAFFORDSHIRE TERRIER,FS
193499,ZOEY,12/25/2010,6.25,2/9/2015,CANINE,DACHSHUND- MINIATURE,FS
193601,SAMPSON,7/2/2013,25.6,3/13/2015,CANINE,GOLDENDOODLE,MC
193615,JAKE,11/2/2003,30.5,6/2/2015,CANINE,AMERICAN BULLDOG,MC
193626,LOBO,4/18/2005,48.6,6/20/2016,CANINE,GERMAN SHEPHERD DOG,MC
193627,GRITS,3/19/2006,10.3,12/29/2015,CANINE,DACHSHUND- LONG-HAIRED,MC
193631,DUNCAN,3/1/2010,11,3/31/2015,CANINE,WEST HIGHLAND WHITE TERRIER,MC
193634,SHELBY,3/18/2005,15,8/21/2015,CANINE,SOFT-COATED WHEATEN TERRIER,FS
193635,BEAU,3/7/2013,27.3,12/14/2015,CANINE,GOLDENDOODLE,MC
193636,BELLA,10/15/2013,30.2,4/22/2016,CANINE,LABRADOR RETRIEVER,FS
193641,CHOPPER,3/20/2010,29.2,10/12/2015,CANINE,LABRADOR RETRIEVER,MC
193777,TINY,5/21/2007,3.68,10/15/2015,CANINE,BRUSSELS GRIFFON,FS
193828,JACKMAN,1/18/2010,18.7,6/3/2016,CANINE,"CORGI, CARDIGAN WELSH",MC
193837,LULU,3/18/2005,4.3,3/19/2015,CANINE,YORKSHIRE TERRIER,FS
193906,ISABELLE,1/25/2000,7.8,3/5/2015,CANINE,DACHSHUND,FS
193930,DAYLIGHT,3/18/2004,37.7,4/7/2015,CANINE,GERMAN SHEPHERD DOG,FS
194122,FINLEY,12/8/2013,40.2,3/14/2015,CANINE,LABRADOR RETRIEVER,FS
194146,JAKE,3/23/2004,40,3/15/2015,CANINE,LABRADOR RETRIEVER,M
194149,DULCINEA,9/1/2013,17.2,10/12/2015,CANINE,BOYKIN SPANIEL,FS
194167,TUCKER,2/17/2010,11,5/4/2015,CANINE,AMERICAN COCKER SPANIEL,MC
194196,COCOA,9/12/2008,29.3,4/5/2016,CANINE,LABRADOR RETRIEVER,MC
194207,PINCHO,7/3/2005,26,3/16/2016,CANINE,GREYHOUND,MC
194212,DUNCAN,4/4/2008,50.4,5/3/2016,CANINE,GOLDEN RETRIEVER,M
194219,CHINA,3/24/2011,22.7,6/1/2015,CANINE,GREYHOUND,FS
194224,MERLIN,9/21/2006,46.7,2/10/2016,CANINE,GERMAN SHEPHERD DOG,MC
194231,JAMIE,3/25/2010,27.5,1/15/2016,CANINE,AMERICAN STAFFORDSHIRE TERRIER,MC
194239,CHLOEY,5/1/2003,11.2,3/18/2016,CANINE,BEAGLE,FS
194249,JACK,4/20/2004,7.4,6/7/2016,CANINE,AUSTRALIAN TERRIER,MC
194258,DUTCH,3/29/2011,25,4/27/2015,CANINE,AMERICAN STAFFORDSHIRE TERRIER,MC
194342,MOMO,5/1/2009,36.4,9/15/2015,CANINE,SIBERIAN HUSKY,MC
194622,MOOSE,10/2/2011,3.5,4/29/2015,FELINE,DOMESTIC LONGHAIRED CAT,MC
194755,ELMO,3/26/2010,650,6/15/2015,EQUINE,WARM BLOOD,MC
194916,PEANUT,12/22/2007,11.1,10/17/2015,CANINE,DACHSHUND,MC
194919,PEANUT,3/17/2010,7.1,8/24/2015,CANINE,DACHSHUND- MINIATURE,M
194922,BO,12/10/2006,20.5,4/11/2016,CANINE,WELSH SPRINGER SPANIEL,MC
194928,LOLA,4/26/2013,42,4/22/2016,CANINE,GERMAN SHEPHERD DOG,FS
194930,OLLIE,4/23/2003,3.5,4/28/2015,CANINE,SHIH TZU,MC
194932,NORMAN,3/10/2014,31.6,4/28/2015,CANINE,POINTER,MC
194947,GUS,4/15/2008,33.7,5/20/2015,CANINE,BASSET HOUND,MC
194962,CASEY,5/8/2009,60.6,5/31/2016,CANINE,NEWFOUNDLAND,FS
194963,DAWN,5/1/1999,7,6/12/2015,CANINE,ITALIAN GREYHOUND,FS
194993,TITAN,11/1/2010,77.5,10/13/2015,CANINE,GREAT DANE,M
195165,LITTLE JOE,11/27/2000,35.3,7/31/2015,CANINE,LABRADOR RETRIEVER,MC
195166,PETEY,5/27/2013,11.4,8/5/2015,CANINE,AMERICAN COCKER SPANIEL,MC
195181,COSMO,11/5/2004,5.9,12/11/2015,CANINE,YORKSHIRE TERRIER,MC
195206,BREWSKY,1/26/2014,33.8,6/3/2015,CANINE,AMERICAN STAFFORDSHIRE TERRIER,FS
195231,ZAK,7/15/2010,47,11/19/2015,CANINE,ROTTWEILER,MC
195234,SABRINA,4/30/2010,37.3,4/30/2015,CANINE,AMERICAN FOXHOUND,FS
195289,COWBOY,4/28/2004,28.1,4/28/2015,CANINE,LABRADOR RETRIEVER,MC
195323,LUCY,3/20/2005,13.1,10/1/2015,CANINE,BEAGLE,FS
195330,JAKE,5/29/2006,26.9,1/8/2016,CANINE,GOLDEN RETRIEVER,MC
195343,GWENIVERE,4/28/2008,11.6,5/9/2015,CANINE,BICHON FRISE,F
195401,SHADOW,3/24/1998,0,,CANINE,POODLE,MC
195447,DRAGO,4/19/2010,37.8,3/2/2016,CANINE,BELGIAN MALINOIS,M
195550,POSSUM,11/20/2013,25.5,7/14/2015,CANINE,BASSET HOUND,MC
195552,ELSA,5/18/2009,32.2,12/7/2015,CANINE,GERMAN SHEPHERD DOG,FS
195573,PEPPER,3/21/2006,4.5,7/31/2015,CANINE,POODLE- TOY,FS
195588,COOPER,3/22/2014,34.3,2/23/2016,CANINE,LABRADOR RETRIEVER,MC
195591,MOLLY,7/15/2013,35.2,2/29/2016,CANINE,BOXER,FS
195594,TINKERBELL,8/2/2003,1.75,5/24/2016,CANINE,MALTESE,FS
195604,RUSTY,12/11/2011,28.9,8/14/2015,CANINE,HOUND,MC
195606,PEANUT,1/25/2014,25.4,8/5/2015,CANINE,GERMAN SHEPHERD DOG,MC
195607,IVY,5/19/2007,35.5,3/29/2016,CANINE,AMERICAN STAFFORDSHIRE TERRIER,FS
195610,ANGUS,5/12/2008,34,6/9/2015,CANINE,GOLDEN RETRIEVER,MC
195616,MAGGIE,6/30/2008,5.3,5/31/2016,CANINE,MALTESE,FS
195639,KEARNIE,12/24/2007,29.9,3/4/2016,CANINE,AMERICAN STAFFORDSHIRE TERRIER,MC
195646,TOOKIE,6/14/2011,34,7/17/2015,CANINE,GREYHOUND,MC
195690,TUFFY,1/7/2003,21.5,10/7/2015,CANINE,MIXED BREED DOG,MC
195785,ROX,3/4/2012,23.1,3/11/2016,CANINE,AMERICAN STAFFORDSHIRE TERRIER,FS
196014,HERSHEY,1/13/2007,44,2/24/2016,CANINE,LABRADOR RETRIEVER,FS
196023,JACKSON,10/16/2006,38.6,6/11/2015,CANINE,LABRADOR RETRIEVER,M
196122,CHICO,11/13/2002,7.7,5/28/2015,CANINE,YORKSHIRE TERRIER,MC
196188,MERMAID,6/4/2012,414,6/5/2015,EQUINE,QUARTER HORSE,F
196203,KAIJU,4/15/2015,20.6,1/6/2016,CANINE,LABRADOR RETRIEVER,FS
196215,HENRY AARON,3/13/2013,40.7,2/5/2016,CANINE,LABRADOR RETRIEVER,MC
196362,MNEME,11/16/2014,52.8,4/26/2016,CANINE,GREAT DANE,FS
196367,COOPER,6/10/2009,24.494,7/15/2015,CANINE,AMERICAN STAFFORDSHIRE TERRIER,MC
196424,WILLIAM,6/12/2015,25.5,7/6/2015,EQUINE,PONY,M
196472,BELLE,6/15/2008,8.5,9/15/2015,CANINE,SCHNAUZER- MINIATURE,FS
196504,BIJOU,6/4/2012,21,6/10/2015,CANINE,COLLIE,FS
196711,LUCY,2/14/2004,25,10/5/2015,CANINE,LABRADOR RETRIEVER,FS
196737,CHARLIE,12/21/2009,40.4,6/28/2016,CANINE,MIXED BREED DOG,MC
196749,LISSA,8/22/2012,5.3,7/14/2015,CANINE,YORKSHIRE TERRIER,FS
197016,WILBUR,4/5/2012,2.45,7/2/2015,CANINE,YORKSHIRE TERRIER,MC
197046,HAYDEN,8/23/2004,33.2,6/26/2016,CANINE,GOLDEN RETRIEVER,FS
197054,NINER'S BLAZE,6/30/2009,516,1/10/2016,EQUINE,THOROUGHBRED,MC
197069,SPECIAL OF COURSE,6/29/2013,480,11/13/2015,EQUINE,THOROUGHBRED,F
197148,SADIE,6/19/2001,26.5,7/3/2015,CANINE,BRITTANY SPANIEL,FS
197165,HARLEY,4/1/2004,23.2,8/14/2015,CANINE,GERMAN SHEPHERD DOG,MC
197172,KITTY,7/7/2005,5.5,9/20/2015,FELINE,DOMESTIC SHORTHAIRED CAT,MC
197470,RUSTY,6/22/2004,30.8,5/25/2016,CANINE,GOLDEN RETRIEVER,MC
197590,TONIC,7/21/2007,26.3,6/24/2016,CANINE,MIXED BREED DOG,MC
197707,JAZZ,7/1/2007,6.1,1/21/2016,CANINE,POMERANIAN,MC
197727,MS ELLA,12/22/2012,40.6,8/31/2015,CANINE,LABRADOR RETRIEVER,FS
197753,CALLIE,8/10/2008,3.1,10/16/2015,CANINE,PAPILLON,FS
197757,PEARL,7/27/2010,41.2,5/4/2016,CANINE,BOXER,FS
197763,HUGO,8/11/2009,30.4,8/12/2015,CANINE,LABRADOR RETRIEVER,MC
197775,LAYLA,1/2/2014,36.6,5/3/2016,CANINE,LABRADOR RETRIEVER,FS
197792,PEPPERMINT,7/10/2000,3.34,10/16/2015,FELINE,DOMESTIC SHORTHAIRED CAT,FS
197799,TEDDY,7/8/2013,30,2/3/2016,CANINE,LABRADOR RETRIEVER,MC
197981,MAX,1/27/2008,70.6,9/11/2015,CANINE,NEWFOUNDLAND,MC
198015,KODIAK,8/7/2009,60.2,9/9/2015,CANINE,GERMAN SHEPHERD DOG,MC
198184,LIMBO,7/10/2004,38.6,8/11/2015,CANINE,HOUND,FS
198301,PEPPER,7/27/2001,9.1,11/10/2015,CANINE,AMERICAN COCKER SPANIEL,FS
198302,ASTRA,7/18/2000,10,8/18/2015,CANINE,POODLE,MC
198331,ROSIE,3/20/2015,4.3,10/28/2015,CANINE,ITALIAN GREYHOUND,FS
198345,SOFIE,8/13/2005,32.1,8/26/2015,CANINE,LABRADOR RETRIEVER,FS
198360,HOPE,,55.056,10/30/2015,CANINE,LABRADOR RETRIEVER,FS
198466,MISSY,8/27/2006,19.4,11/12/2015,CANINE,HOUND,FS
198491,GEISHA,9/3/2013,20.3,10/5/2015,CANINE,BULL TERRIER,FS
198650,DAISY,5/16/2007,3,10/4/2015,CANINE,MALTESE,FS
198663,STERLING,9/16/2013,45.3,12/18/2015,CANINE,GREAT DANE,FS
198750,COCO,9/2/2008,7.7,9/15/2015,CANINE,SHETLAND SHEEPDOG,MC
198812,PEEWEE,8/27/2005,3.4,1/25/2016,CANINE,RAT TERRIER,FS
198821,FLUFFY,5/16/2014,32.2,6/10/2016,CANINE,AMERICAN STAFFORDSHIRE TERRIER,MC
198831,WRIGLEY,8/12/2012,30.4,11/30/2015,CANINE,BOUVIER DES FLANDRES,FS
198832,SUNI,7/19/2006,4.47,2/25/2016,CANINE,LHASA APSO,FS
198840,EMMA,8/17/2007,39.6,10/16/2015,CANINE,LABRADOR RETRIEVER,FS
198951,MANDY,10/20/2004,4,9/23/2015,CANINE,JAPANESE CHIN,FS
198974,LILY,1/19/2014,8.3,9/23/2015,CANINE,MINIATURE PINSCHER,FS
199004,ALLIE,9/18/2007,15.8,9/22/2015,CANINE,BOYKIN SPANIEL,FS
199046,MOLLY,5/9/2007,13.2,10/29/2015,CANINE,BEAGLE,FS
199154,MARLEY,9/18/2008,22.7,6/7/2016,CANINE,LABRADOODLE,MC
199156,VINO,9/26/2008,6,4/8/2016,CANINE,SHIH TZU,MC
199186,WALTON,9/25/2007,9.2,6/17/2016,CANINE,SHIH TZU,MC
199404,SYDNEY,4/29/2011,18.8,10/1/2015,CANINE,MIXED BREED DOG,FS
199424,BO,9/28/2013,24.5,9/28/2015,CANINE,STAFFORDSHIRE BULL TERRIER,MC
199425,BOGEY,9/28/2010,30.1,10/30/2015,CANINE,GERMAN SHORTHAIRED POINTER,M
199442,JAKE,8/31/2004,39.1,10/1/2015,CANINE,LABRADOODLE,MC
199503,OSCAR,8/18/2013,32.2,10/28/2015,CANINE,MIXED BREED DOG,MC
199506,DARBY,9/30/2007,25.3,11/11/2015,CANINE,AUSTRALIAN SHEPHERD,FS
199519,SCOUT,3/8/2015,17.1,12/8/2015,CANINE,BOYKIN SPANIEL,MC
199526,COLE,10/7/2005,19,3/2/2016,CANINE,LABRADOR RETRIEVER,MC
199530,LADY,2/8/2013,7.5,11/3/2015,CANINE,AUSTRALIAN TERRIER,FS
199532,HENRY,10/9/2005,23,5/10/2016,CANINE,POODLE- STANDARD,MC
199533,AMBER,4/5/2002,10.3,4/26/2016,CANINE,BICHON FRISE,FS
199535,BAXTER,10/31/2005,37.5,11/5/2015,CANINE,GOLDEN RETRIEVER,MC
199541,PRYNTZKA,4/16/2006,27.4,12/22/2015,CANINE,RETRIEVER,MC
199544,AUGGIE,10/1/2013,8.1,4/6/2016,CANINE,SCHNAUZER- MINIATURE,MC
199588,LUNA,12/9/2014,26.7,4/12/2016,CANINE,AMERICAN STAFFORDSHIRE TERRIER,FS
199590,SAMANTHA,10/6/2005,31.1,4/29/2016,CANINE,WIREHAIRED POINTING GRIFFON,FS
199597,GRACIE,5/17/2006,6.8,1/15/2016,CANINE,BICHON FRISE,FS
199598,PEANUT,11/22/2005,9,10/13/2015,CANINE,PUG,FS
199746,BRANDI,1/3/2004,7.2,11/2/2015,CANINE,HAVANESE DOG,FS
199852,PHOENIX,10/15/1999,440,6/23/2016,EQUINE,QUARTER HORSE,MC
199870,ANGEL,10/15/2000,450,10/20/2015,EQUINE,APPENDIX QUARTER HORSE,F
199904,ZACK,7/4/2006,21.1,12/3/2015,CANINE,BORDER COLLIE,MC
199907,JUNO,11/2/2012,11.3,12/5/2015,CANINE,MIXED BREED DOG,FS
199948,BLUE,10/1/2006,28,10/26/2015,CANINE,AMERICAN STAFFORDSHIRE TERRIER,FS
199999,BANKS,11/23/2013,41.9,4/7/2016,CANINE,CHESAPEAKE BAY RETRIEVER,MC
200091,BRIANNA,9/19/2013,30.5,10/28/2015,CANINE,RHODESIAN RIDGEBACK,F
200145,BRUCIE,10/26/2010,33.2,1/13/2016,CANINE,"BULLDOG, ENGLISH",MC
200160,OAKLEY,1/27/2008,80,10/27/2015,CANINE,MASTIFF,M
200290,RICO,10/16/2006,500,11/6/2015,EQUINE,QUARTER HORSE,MC
200325,STELLA,11/25/2011,32,11/25/2015,CANINE,GERMAN SHORTHAIRED POINTER,FS
200327,KOKO,4/1/2005,29.9,11/9/2015,CANINE,SIBERIAN HUSKY,FS
200474,ALEX,4/16/2004,11.2,6/22/2016,CANINE,AMERICAN COCKER SPANIEL,MC
200502,TYSON,3/3/2013,34,2/19/2016,CANINE,AMERICAN STAFFORDSHIRE TERRIER,MC
200510,TACO,11/20/2014,9.1,6/17/2016,CANINE,SCHNAUZER,MC
200512,JAXIE,10/2/2014,28,12/4/2015,CANINE,LABRADOR RETRIEVER,FS
200520,ANGUS,12/6/2012,8.3,3/2/2016,CANINE,WEST HIGHLAND WHITE TERRIER,MC
200534,COOPER,12/30/2008,16.9,5/23/2016,CANINE,BRITTANY SPANIEL,M
200540,JASPER,4/1/2011,24.9,5/6/2016,CANINE,BOXER,MC
200552,LUCY,10/10/2002,17,11/11/2015,CANINE,BRITTANY SPANIEL,FS
200553,BELLA,4/19/2008,4.6,11/11/2015,CANINE,POODLE- MINIATURE,FS
200559,TANNER,6/11/2009,35.1,12/11/2015,CANINE,MIXED BREED DOG,MC
200560,SHADOW,10/16/2003,44.5,5/27/2016,CANINE,GOLDEN RETRIEVER,MC
200570,RASCAL,10/12/2008,40.6,1/20/2016,CANINE,LABRADOR RETRIEVER,MC
200572,BOSS,5/11/2010,10.6,2/10/2016,CANINE,JACK RUSSELL TERRIER,MC
200576,COCO,9/10/2006,16.3,11/20/2015,CANINE,AMERICAN COCKER SPANIEL,FS
200582,BABY,11/23/2007,4.27,12/16/2015,CANINE,CHIHUAHUA,MC
200585,ZHOU,11/6/2006,32.6,6/7/2016,CANINE,LABRADOR RETRIEVER,M
200595,ASTON,10/22/2010,27.4,3/1/2016,CANINE,AMERICAN STAFFORDSHIRE TERRIER,MC
200861,HARRY,5/7/2002,11.4,6/24/2016,CANINE,MIXED BREED DOG,MC
200901,SAMANTHA,11/29/1999,4.39,11/29/2015,CANINE,POODLE,FS
200963,WALTER,12/4/2011,23,12/28/2015,CANINE,SIBERIAN HUSKY,MC
201015,WILSON,3/16/2012,19.1,1/25/2016,CANINE,BEAGLE,MC
201016,JOSIE,4/9/2015,15.6,2/17/2016,CANINE,TERRIER,F
201022,CHARLIE,1/16/2015,26.6,3/18/2016,CANINE,ROTTWEILER,MC
201024,CHARLIE,12/1/2003,37.2,4/8/2016,CANINE,MIXED BREED DOG,MC
201032,BELLA,7/8/2005,24,12/16/2015,CANINE,STAFFORDSHIRE BULL TERRIER,FS
201033,LULU,12/4/2005,6.7,1/4/2016,CANINE,WEST HIGHLAND WHITE TERRIER,FS
201041,MR DARCY,12/8/2007,12.3,1/6/2016,CANINE,AMERICAN COCKER SPANIEL,M
201044,CHLOE,12/2/2007,29,1/7/2016,CANINE,"BULLDOG, ENGLISH",FS
201048,KEELO,12/4/2005,34,3/23/2016,CANINE,AMERICAN BULLDOG,M
201213,LUCY LOU,4/16/2015,34,1/5/2016,CANINE,LABRADOR RETRIEVER,F
201241,BARON,12/10/2003,34.9,12/21/2015,CANINE,GOLDEN RETRIEVER,M
201360,CHESTER,10/29/2005,32.1,1/2/2016,CANINE,CHOW CHOW,MC
201379,DIXIE,3/16/2013,24.6,6/14/2016,CANINE,MIXED BREED DOG,FS
201401,LIBBIE,5/7/2010,34,12/6/2015,CANINE,MIXED BREED DOG,F
201491,EMMA,7/15/2011,12,12/17/2015,CANINE,CAVALIER KING CHARLES SPANIEL,FS
201638,KOKO,5/22/2008,38.7,12/17/2015,CANINE,AMERICAN STAFFORDSHIRE TERRIER,FS
201774,BROWN BEAR,1/9/2012,0,,CAPRINE,BOER,F
201786,LILLY,1/15/2009,434,1/15/2016,EQUINE,QUARTER HORSE,F
201825,OSCAR,2/18/2007,7.6,2/3/2016,CANINE,DACHSHUND,MC
201868,HOVA,1/5/2014,28.2,1/5/2016,CANINE,STAFFORDSHIRE BULL TERRIER,MC
201870,DAISY,10/14/2007,6.2,6/21/2016,CANINE,BICHON FRISE,FS
201895,BELLA,1/4/2011,3.8,1/4/2016,CANINE,POODLE,FS
202057,ABBIE,10/15/2003,6.47,6/6/2016,CANINE,AMERICAN COCKER SPANIEL,FS
202063,MOLLY,2/9/2008,24.3,6/22/2016,CANINE,LABRADOR RETRIEVER,FS
202078,SCAMPER,1/6/2013,32.2,2/3/2016,CANINE,BULL TERRIER,MC
202080,TRIXIE,1/25/2009,10.2,4/15/2016,CANINE,JACK RUSSELL TERRIER,FS
202083,WALKER,1/28/2015,21.2,2/5/2016,CANINE,COONHOUND,MC
202100,BAILEY,9/28/2008,15.1,5/25/2016,CANINE,CAVALIER KING CHARLES SPANIEL,MC
202106,FRANKIE,12/11/2013,3.1,1/15/2016,FELINE,AMERICAN DOMESTIC SHORTHAIR,FS
202115,GIZMO,11/15/2010,3.1,6/22/2016,CANINE,YORKSHIRE TERRIER,MC
202116,OAKLEY,10/24/2011,20.3,6/21/2016,CANINE,AMERICAN COCKER SPANIEL,MC
202119,BERKELEY,1/16/2015,29.6,1/22/2016,CANINE,WEIMARANER,FS
202133,BLUE,7/29/2005,2.3,1/26/2016,FELINE,AMERICAN DOMESTIC SHORTHAIR,FS
202134,OPIE,4/29/2013,12.6,5/19/2016,CANINE,AMERICAN COCKER SPANIEL,MC
202145,BLANCO,11/27/2010,47.1,1/25/2016,CANINE,BOXER,M
202146,OREO,12/4/2001,5.5,1/25/2016,CANINE,TERRIER,FS
202155,CASH,4/11/2007,8.9,6/9/2016,CANINE,BICHON FRISE,MC
202607,DEUCE,2/10/2010,40,2/26/2016,CANINE,STAFFORDSHIRE BULL TERRIER,MC
202609,TULULAH,11/24/2007,22.1,4/4/2016,CANINE,"BULLDOG, ENGLISH",FS
202617,LOLA,2/11/2005,30.4,3/1/2016,CANINE,MIXED BREED DOG,FS
202641,FURBY,8/16/2010,3.32,2/17/2016,CANINE,POMERANIAN,MC
202646,SEDONA,9/17/2010,26,4/1/2016,CANINE,AMERICAN STAFFORDSHIRE TERRIER,FS
202649,MURPHY,12/4/2010,35.6,3/21/2016,CANINE,AMERICAN BULLDOG,MC
202666,PEPPER,9/21/2009,6.56,2/7/2016,CANINE,MALTESE,FS
202680,LARRY,8/11/2013,19.7,2/11/2016,CANINE,TREEING WALKER COONHOUND,M
202740,SADIE,1/1/1991,0.432,5/25/2016,AVIAN,PARROT AFRI GREY CONGO,F
202888,ABBY,2/14/2011,7.1,4/7/2016,CANINE,SHIH TZU,FS
202898,KIMBERLY ELISE,3/5/2009,33.566,5/20/2016,CANINE,BOXER,FS
202927,ELLIE,9/23/2012,14.4,2/17/2016,CANINE,SOFT-COATED WHEATEN TERRIER,FS
203252,BUDDY,8/2/2010,9.2,3/4/2016,CANINE,DACHSHUND,MC
203260,MOLLY,1/25/2009,33.8,3/8/2016,CANINE,BORDER COLLIE,FS
203293,LOLA,2/22/2006,30,3/15/2016,CANINE,DOBERMAN PINSCHER,FS
203298,SAM,3/17/2015,26.9,3/16/2016,CANINE,GOLDENDOODLE,M
203299,CRUNCHY,8/19/2007,5.61,3/16/2016,FELINE,BURMESE,MC
203330,CAROLINA,4/29/2009,6.3,6/10/2016,CANINE,SHIH TZU,FS
203336,CAPTAIN,6/16/2013,5.35,4/15/2016,FELINE,DOMESTIC LONGHAIRED CAT,MC
203386,REBECCA,8/26/2003,32.5,6/10/2016,CANINE,GERMAN SHEPHERD DOG,FS
203471,COOPER,10/15/2013,29.3,3/20/2016,CANINE,LABRADOR RETRIEVER,MC
203472,LILY,1/23/2007,33.3,4/11/2016,CANINE,GOLDENDOODLE,FS
203493,MOLLY,3/13/2012,14.5,3/13/2016,CANINE,ENGLISH COCKER SPANIEL,FS
203523,DIESEL,3/3/2013,50.2,3/3/2016,CANINE,GREAT DANE,MC
203775,LILY,3/26/2006,36.9,3/26/2016,CANINE,BOXER,FS
203799,COOPER,3/21/2013,35.4,3/28/2016,CANINE,ROTTWEILER,MC
203896,BUBBA JAKE,4/21/2005,29.5,5/23/2016,CANINE,MIXED BREED DOG,MC
204011,SURF,4/26/2007,9.9,6/27/2016,CANINE,SHETLAND SHEEPDOG,M
204016,SULLY,11/3/2010,23,4/19/2016,CANINE,LABRADOR RETRIEVER,MC
204030,PEARL,12/20/2013,15.5,5/18/2016,CANINE,"BULLDOG, ENGLISH",FS
204093,REBA,11/3/2011,24.9,5/7/2016,CANINE,AUSTRALIAN SHEPHERD,F
204109,KIRRA,3/21/2010,23.18,5/27/2016,CANINE,BOXER,FS
204204,ATHENA,4/5/2010,38.6,4/13/2016,CANINE,GERMAN SHEPHERD DOG,FS
204221,JONAS,3/16/2014,46.8,4/12/2016,CANINE,MASTIFF,MC
204243,LUCY,9/17/2007,35.2,5/16/2016,CANINE,LABRADOR RETRIEVER,FS
204247,BOOGIE,2/23/2012,43.2,5/25/2016,CANINE,ROTTWEILER,MC
204532,BAILEY,4/24/2007,13,6/9/2016,CANINE,BEAGLE,MC
204558,JOJO,3/3/2007,8.73,4/25/2016,CANINE,MIXED BREED DOG,MC
204609,LEONIDAS,12/16/2013,52,6/23/2016,CANINE,SOUTH AFRICAN BOERBOEL,M
204624,SAM,4/25/2006,11.1,6/10/2016,CANINE,BICHON FRISE,MC
204625,REX,10/25/2007,21.6,5/16/2016,CANINE,MIXED BREED DOG,MC
204630,BUBZY,5/4/2013,4.52,6/14/2016,FELINE,DOMESTIC LONGHAIRED CAT,MC
204643,CHINA,10/15/2006,39.6,5/11/2016,CANINE,BOXER,FS
204670,KIEFER,7/4/2010,42.1,5/25/2016,CANINE,LABRADOR RETRIEVER,MC
204676,TUCKER,4/4/2007,10.4,5/23/2016,CANINE,SCHNAUZER- MINIATURE,MC
204837,JUBAL,5/11/2010,58.4,5/9/2016,CANINE,DOGUE DE BORDEAUX,MC
204870,TROUBLE,10/1/2004,47.5,6/3/2016,CANINE,ROTTWEILER,M
205230,MELEK,4/1/2011,39,5/23/2016,CANINE,KANGAL DOG,F
205256,HARLEY,5/12/2007,2.25,6/20/2016,CANINE,YORKSHIRE TERRIER,MC
205284,WOODY,1/30/2004,22,5/17/2016,CANINE,COLLIE,MC
205352,TJ,3/1/2005,21,6/24/2016,CANINE,SHETLAND SHEEPDOG,MC
205354,JACK,8/9/2007,26.7,5/20/2016,CANINE,LABRADOODLE,MC
205375,BOWSER,4/27/2005,5.1,6/14/2016,CANINE,CHIHUAHUA,MC
205479,BOBBY JO,5/19/2014,415,5/19/2016,EQUINE,QUARTER HORSE,F
205592,BELLA,3/3/2010,5.99,6/19/2016,CANINE,SHIH TZU,FS
717,,,,,,,
C:\Users\plandrew\Documents\CRYSTAL Reports\Studies\Patient Search_C (w_love).rpt,,,,,,,
